palavra,sent
principal,Positivo
música,Positivo
trabalho,Positivo
melhor,Positivo
canção,Positivo
sucesso,Positivo
obra,Positivo
importante,Positivo
obras,Positivo
oficial,Positivo
feito,Positivo
personagem,Positivo
espaço,Positivo
direito,Positivo
campeão,Positivo
forte,Positivo
ganhou,Positivo
energia,Positivo
personagens,Positivo
superior,Positivo
jovem,Positivo
ouro,Positivo
capacidade,Positivo
ajuda,Positivo
realizado,Positivo
real,Positivo
vivo,Positivo
livre,Positivo
influência,Positivo
levou,Positivo
fonte,Positivo
vitória,Positivo
marca,Positivo
economia,Positivo
fé,Positivo
homenagem,Positivo
trabalhar,Positivo
respeito,Positivo
contrato,Positivo
unidade,Positivo
proposta,Positivo
amor,Positivo
famoso,Positivo
domínio,Positivo
segurança,Positivo
prova,Positivo
rapidamente,Positivo
abertura,Positivo
trabalhou,Positivo
simplesmente,Positivo
certo,Positivo
capaz,Positivo
humano,Positivo
leva,Positivo
semelhante,Positivo
ajudar,Positivo
prêmio,Positivo
realizar,Positivo
claro,Positivo
começo,Positivo
paz,Positivo
liberdade,Positivo
levar,Positivo
suficiente,Positivo
derrota,Positivo
capitão,Positivo
fãs,Positivo
proteção,Positivo
mestre,Positivo
ganhar,Positivo
precisa,Positivo
topo,Positivo
prêmios,Positivo
disponível,Positivo
realização,Positivo
verdadeiro,Positivo
clássico,Positivo
sair,Positivo
variedade,Positivo
fácil,Positivo
vencedor,Positivo
imediatamente,Positivo
rápido,Positivo
feira,Positivo
destino,Positivo
pensamento,Positivo
reforma,Positivo
facilmente,Positivo
econômico,Positivo
suporte,Positivo
aumentar,Positivo
lança,Positivo
advogado,Positivo
moderno,Positivo
defender,Positivo
honra,Positivo
notável,Positivo
habilidade,Positivo
doce,Positivo
interesses,Positivo
beleza,Positivo
melhorar,Positivo
top,Positivo
destaca,Positivo
ajudou,Positivo
liderança,Positivo
sucessos,Positivo
nobre,Positivo
herói,Positivo
senhor,Positivo
preciso,Positivo
fama,Positivo
equivalente,Positivo
derrotado,Positivo
criador,Positivo
proteger,Positivo
super,Positivo
emprego,Positivo
calor,Positivo
orientação,Positivo
limpeza,Positivo
céu,Positivo
afluente,Positivo
dono,Positivo
direto,Positivo
exatamente,Positivo
justiça,Positivo
integrante,Positivo
moda,Positivo
dedicado,Positivo
legal,Positivo
ganha,Positivo
poderoso,Positivo
vantagem,Positivo
relevo,Positivo
excelente,Positivo
aparecer,Positivo
marcas,Positivo
interessante,Positivo
quente,Positivo
rica,Positivo
aprovação,Positivo
ideal,Positivo
garantir,Positivo
gosto,Positivo
ativo,Positivo
útil,Positivo
amplamente,Positivo
recuperar,Positivo
equilíbrio,Positivo
rico,Positivo
ganhando,Positivo
espiritual,Positivo
claramente,Positivo
derrotar,Positivo
visível,Positivo
destacado,Positivo
virtude,Positivo
considerar,Positivo
humor,Positivo
inspiração,Positivo
contribuição,Positivo
recurso,Positivo
negócio,Positivo
reformas,Positivo
recuperação,Positivo
confiança,Positivo
right,Positivo
impressão,Positivo
elite,Positivo
inteligência,Positivo
riqueza,Positivo
flor,Positivo
vencedores,Positivo
avanço,Positivo
leve,Positivo
paciente,Positivo
brilhante,Positivo
atender,Positivo
precisamente,Positivo
talento,Positivo
chance,Positivo
destacou,Positivo
santo,Positivo
aumenta,Positivo
continuidade,Positivo
sorte,Positivo
bela,Positivo
aprovado,Positivo
atração,Positivo
célebre,Positivo
integrado,Positivo
amplo,Positivo
gosta,Positivo
progresso,Positivo
auxílio,Positivo
paixão,Positivo
correto,Positivo
apoiar,Positivo
elevação,Positivo
distinção,Positivo
essencial,Positivo
feliz,Positivo
imediato,Positivo
reputação,Positivo
justamente,Positivo
integral,Positivo
magia,Positivo
provar,Positivo
ordenado,Positivo
significativo,Positivo
facilitar,Positivo
crédito,Positivo
mantida,Positivo
fantasia,Positivo
funcionar,Positivo
facilidade,Positivo
namorada,Positivo
inteligente,Positivo
iluminação,Positivo
prestígio,Positivo
eficiente,Positivo
dinâmica,Positivo
adequado,Positivo
progressivo,Positivo
sucedeu,Positivo
afirmação,Positivo
estável,Positivo
cura,Positivo
alimento,Positivo
positivo,Positivo
fiel,Positivo
profundamente,Positivo
pronto,Positivo
benefícios,Positivo
assegurar,Positivo
pró,Positivo
seguro,Positivo
bônus,Positivo
ganho,Positivo
madrugada,Positivo
afirmar,Positivo
profundo,Positivo
defensor,Positivo
premiado,Positivo
estabilidade,Positivo
fortuna,Positivo
prémio,Positivo
libertação,Positivo
animado,Positivo
compromisso,Positivo
válido,Positivo
eficiência,Positivo
basta,Positivo
instrumental,Positivo
vantagens,Positivo
perfeito,Positivo
sobrevivência,Positivo
sensação,Positivo
melhoria,Positivo
parecido,Positivo
efetivamente,Positivo
franco,Positivo
consideração,Positivo
perfeitamente,Positivo
Paraíso,Positivo
favorável,Positivo
preparar,Positivo
defensores,Positivo
preparado,Positivo
eficaz,Positivo
promessa,Positivo
luxo,Positivo
sólido,Positivo
melhorias,Positivo
influente,Positivo
impulso,Positivo
harmonia,Positivo
puro,Positivo
belo,Positivo
comemoração,Positivo
alegria,Positivo
celebração,Positivo
marcante,Positivo
derrotas,Positivo
vasto,Positivo
graça,Positivo
prazer,Positivo
corrigir,Positivo
revolucionário,Positivo
revelação,Positivo
sagrado,Positivo
singular,Positivo
cumprimento,Positivo
abundância,Positivo
garantia,Positivo
protecção,Positivo
derrotando,Positivo
superar,Positivo
apaixonado,Positivo
benefício,Positivo
guerreiro,Positivo
aquecimento,Positivo
coragem,Positivo
talentos,Positivo
ama,Positivo
avançado,Positivo
brilho,Positivo
ótimo,Positivo
santuário,Positivo
romântico,Positivo
caridade,Positivo
proeminente,Positivo
inovação,Positivo
disposto,Positivo
felicidade,Positivo
avanços,Positivo
abundante,Positivo
exemplar,Positivo
acessível,Positivo
ídolo,Positivo
suportar,Positivo
nascer,Positivo
corretamente,Positivo
grandeza,Positivo
mérito,Positivo
conduzir,Positivo
favorito,Positivo
suave,Positivo
complementar,Positivo
mágico,Positivo
aclamado,Positivo
condução,Positivo
libertar,Positivo
suficientemente,Positivo
tesouro,Positivo
dourada,Positivo
emoções,Positivo
sabedoria,Positivo
tração,Positivo
restaurar,Positivo
excelência,Positivo
apropriado,Positivo
dignidade,Positivo
firme,Positivo
educado,Positivo
amistoso,Positivo
impressionante,Positivo
incrível,Positivo
lendário,Positivo
orgulho,Positivo
sensível,Positivo
resgatar,Positivo
eficácia,Positivo
experiente,Positivo
recomendação,Positivo
aproveitar,Positivo
glória,Positivo
dominado,Positivo
gratuito,Positivo
prosperidade,Positivo
santa,Positivo
sólida,Positivo
recomendações,Positivo
sustentável,Positivo
fidelidade,Positivo
preferencialmente,Positivo
chumbo,Positivo
cobrir,Positivo
vigilância,Positivo
prático,Positivo
recompensa,Positivo
anjo,Positivo
troféu,Positivo
vital,Positivo
correção,Positivo
compatível,Positivo
concorrer,Positivo
razoável,Positivo
agradável,Positivo
celebrado,Positivo
conforto,Positivo
dourado,Positivo
justo,Positivo
Premier,Positivo
silêncio,Positivo
novidade,Positivo
lealdade,Positivo
renome,Positivo
triunfo,Positivo
bonita,Positivo
melhora,Positivo
restaurado,Positivo
decisivo,Positivo
realista,Positivo
imenso,Positivo
estelar,Positivo
libertado,Positivo
elogios,Positivo
resistente,Positivo
positivos,Positivo
sobrevivente,Positivo
ícone,Positivo
informado,Positivo
distinto,Positivo
negociar,Positivo
racional,Positivo
surpreendente,Positivo
mágica,Positivo
heroína,Positivo
poço,Positivo
divino,Positivo
emoção,Positivo
livrar,Positivo
celebrar,Positivo
consistente,Positivo
trabalhador,Positivo
gratuitamente,Positivo
desportivo,Positivo
seriamente,Positivo
diversão,Positivo
homenageado,Positivo
legalmente,Positivo
entusiasmo,Positivo
beber,Positivo
abertamente,Positivo
estimular,Positivo
tolerância,Positivo
teólogo,Positivo
legítimo,Positivo
promotor,Positivo
maturidade,Positivo
celeste,Positivo
amoroso,Positivo
ultrapassar,Positivo
abrangente,Positivo
exato,Positivo
ganhos,Positivo
pacto,Positivo
lógico,Positivo
supremo,Positivo
admiração,Positivo
calma,Positivo
fino,Positivo
satisfazer,Positivo
autorizado,Positivo
confiável,Positivo
eterna,Positivo
prefere,Positivo
temperado,Positivo
elegante,Positivo
pronta,Positivo
realizações,Positivo
ilustre,Positivo
bonito,Positivo
monumental,Positivo
notavelmente,Positivo
saudável,Positivo
perfeição,Positivo
excepcional,Positivo
liderar,Positivo
fértil,Positivo
incentivar,Positivo
alegre,Positivo
favorita,Positivo
amada,Positivo
paciência,Positivo
superioridade,Positivo
engenho,Positivo
renascimento,Positivo
fair,Positivo
potente,Positivo
solid,Positivo
inovador,Positivo
reestruturação,Positivo
gênio,Positivo
extraordinário,Positivo
dinâmico,Positivo
promete,Positivo
autônoma,Positivo
privilégio,Positivo
substancial,Positivo
sucedendo,Positivo
respeitar,Positivo
solidariedade,Positivo
protetor,Positivo
prover,Positivo
flexibilidade,Positivo
abraço,Positivo
vitorioso,Positivo
best,Positivo
desejar,Positivo
complemento,Positivo
preferido,Positivo
criativo,Positivo
adoração,Positivo
colorido,Positivo
superou,Positivo
domina,Positivo
autônomo,Positivo
digno,Positivo
melhorado,Positivo
reformado,Positivo
milagre,Positivo
criativa,Positivo
curar,Positivo
eterno,Positivo
sábio,Positivo
atualizado,Positivo
elevar,Positivo
inocente,Positivo
gostar,Positivo
portátil,Positivo
lírico,Positivo
facilita,Positivo
imparcial,Positivo
flexível,Positivo
agilidade,Positivo
conveniente,Positivo
liberdades,Positivo
afinidade,Positivo
paraíso,Positivo
imparcialidade,Positivo
prontamente,Positivo
viável,Positivo
transparente,Positivo
impressionado,Positivo
jejum,Positivo
divertido,Positivo
recomenda,Positivo
amado,Positivo
modesto,Positivo
fiável,Positivo
ambicioso,Positivo
satisfeito,Positivo
atraente,Positivo
provado,Positivo
amigável,Positivo
limpar,Positivo
barato,Positivo
veracidade,Positivo
supremacia,Positivo
limpa,Positivo
comemorado,Positivo
agudo,Positivo
like,Positivo
erudito,Positivo
amar,Positivo
preferindo,Positivo
free,Positivo
coerente,Positivo
flutuante,Positivo
produtivo,Positivo
carinho,Positivo
apreciado,Positivo
leal,Positivo
aprovar,Positivo
bovino,Positivo
originalidade,Positivo
fresco,Positivo
engraçado,Positivo
apreciar,Positivo
substantivo,Positivo
milagres,Positivo
competitivo,Positivo
atrativo,Positivo
comprovado,Positivo
garantias,Positivo
limpo,Positivo
ultrapassou,Positivo
valioso,Positivo
qualificado,Positivo
místico,Positivo
íntimo,Positivo
ganhador,Positivo
aclamação,Positivo
memorável,Positivo
louvor,Positivo
beneficiar,Positivo
renovar,Positivo
gentil,Positivo
barata,Positivo
confortável,Positivo
suceder,Positivo
arrumar,Positivo
firmemente,Positivo
bravura,Positivo
razoavelmente,Positivo
patrão,Positivo
ligeiro,Positivo
querido,Positivo
fantástico,Positivo
prometido,Positivo
calmo,Positivo
sustentabilidade,Positivo
confiabilidade,Positivo
clareza,Positivo
preferida,Positivo
energético,Positivo
confiar,Positivo
voluntariamente,Positivo
diplomático,Positivo
renovada,Positivo
ágil,Positivo
hábil,Positivo
reto,Positivo
pacífico,Positivo
aliviar,Positivo
maduro,Positivo
acolher,Positivo
alívio,Positivo
espetacular,Positivo
reviver,Positivo
conveniência,Positivo
agradecimento,Positivo
positivamente,Positivo
firmar,Positivo
esplendor,Positivo
simplificada,Positivo
amo,Positivo
diversificado,Positivo
reconciliação,Positivo
talentoso,Positivo
obsessão,Positivo
alimentando,Positivo
bênção,Positivo
sensações,Positivo
favorecer,Positivo
sensual,Positivo
coerência,Positivo
exuberante,Positivo
remédio,Positivo
empreendedor,Positivo
simpático,Positivo
assegurando,Positivo
agradar,Positivo
bondade,Positivo
ético,Positivo
magnífico,Positivo
lisa,Positivo
suprema,Positivo
privilegiado,Positivo
carisma,Positivo
efectivo,Positivo
moralidade,Positivo
divertir,Positivo
reformar,Positivo
melhoramento,Positivo
poético,Positivo
nutrição,Positivo
perpendicular,Positivo
sorriso,Positivo
sofisticado,Positivo
imprimir,Positivo
emocionante,Positivo
conciliar,Positivo
excitação,Positivo
advogada,Positivo
promissor,Positivo
maravilhas,Positivo
enriquecimento,Positivo
autêntico,Positivo
aspirações,Positivo
love,Positivo
suportado,Positivo
surpreendido,Positivo
aperfeiçoar,Positivo
precioso,Positivo
preferível,Positivo
intimidade,Positivo
misericórdia,Positivo
sexy,Positivo
desfrutar,Positivo
surpreendentemente,Positivo
estimula,Positivo
aventureiro,Positivo
merecer,Positivo
excepcionalmente,Positivo
aprimoramento,Positivo
floração,Positivo
amanhecer,Positivo
sinceramente,Positivo
trompete,Positivo
elegância,Positivo
humildade,Positivo
maravilhosa,Positivo
gentileza,Positivo
refinado,Positivo
versatilidade,Positivo
versátil,Positivo
guiar,Positivo
futurista,Positivo
zelo,Positivo
maravilhoso,Positivo
intencional,Positivo
atento,Positivo
afeto,Positivo
admirador,Positivo
verificável,Positivo
lindo,Positivo
proeminência,Positivo
liso,Positivo
qualificar,Positivo
celestial,Positivo
oásis,Positivo
agradecer,Positivo
progressista,Positivo
incrivelmente,Positivo
estimar,Positivo
animador,Positivo
elogio,Positivo
veloz,Positivo
distintivo,Positivo
ricamente,Positivo
apóia,Positivo
delicado,Positivo
perito,Positivo
prolífico,Positivo
devoto,Positivo
cortesia,Positivo
fast,Positivo
satisfaz,Positivo
grátis,Positivo
entusiasta,Positivo
eminente,Positivo
incondicional,Positivo
jóia,Positivo
calado,Positivo
simplificar,Positivo
robusto,Positivo
charme,Positivo
grandioso,Positivo
saudação,Positivo
enriquecer,Positivo
desejando,Positivo
tranquilo,Positivo
gratidão,Positivo
preferir,Positivo
eternidade,Positivo
cofre,Positivo
beneficente,Positivo
articular,Positivo
honrar,Positivo
seguramente,Positivo
habilidoso,Positivo
otimista,Positivo
boom,Positivo
navegável,Positivo
fresca,Positivo
afeição,Positivo
honestidade,Positivo
parabéns,Positivo
grato,Positivo
provando,Positivo
luxuoso,Positivo
equilibrado,Positivo
querida,Positivo
honesto,Positivo
seletivo,Positivo
inspirar,Positivo
estilizado,Positivo
redenção,Positivo
seduzir,Positivo
generosidade,Positivo
esperto,Positivo
estabilizar,Positivo
encantado,Positivo
admirar,Positivo
próspero,Positivo
ardente,Positivo
acolhimento,Positivo
virtuoso,Positivo
ousadia,Positivo
generoso,Positivo
terno,Positivo
encorajar,Positivo
gostei,Positivo
desejável,Positivo
fluente,Positivo
corajoso,Positivo
honrado,Positivo
adiar,Positivo
folga,Positivo
estimulando,Positivo
compreensível,Positivo
aspiração,Positivo
fielmente,Positivo
work,Positivo
triunfal,Positivo
respeitável,Positivo
impressionar,Positivo
encanto,Positivo
poupança,Positivo
ousado,Positivo
duradouro,Positivo
saliente,Positivo
impulsionar,Positivo
espontâneo,Positivo
goza,Positivo
satisfatório,Positivo
espanto,Positivo
brilhar,Positivo
uniformemente,Positivo
régio,Positivo
heróica,Positivo
formidável,Positivo
inesquecível,Positivo
convincente,Positivo
acalmar,Positivo
sincero,Positivo
orgulhoso,Positivo
luminoso,Positivo
complementa,Positivo
abraçar,Positivo
carismático,Positivo
transe,Positivo
admirável,Positivo
nítida,Positivo
contente,Positivo
gemas,Positivo
prodígio,Positivo
pacificamente,Positivo
articulado,Positivo
gema,Positivo
master,Positivo
aquecer,Positivo
excede,Positivo
felizmente,Positivo
suplementar,Positivo
progredir,Positivo
inofensivo,Positivo
afluência,Positivo
heróico,Positivo
impecável,Positivo
lucrativo,Positivo
indiscutível,Positivo
exaltação,Positivo
agrada,Positivo
favorecido,Positivo
good,Positivo
providência,Positivo
destreza,Positivo
ilimitado,Positivo
valente,Positivo
apreciável,Positivo
vibrante,Positivo
extraordinariamente,Positivo
previdência,Positivo
lisos,Positivo
glorioso,Positivo
fans,Positivo
prudente,Positivo
né,Positivo
varredura,Positivo
salvador,Positivo
divertimento,Positivo
genial,Positivo
surpreender,Positivo
macio,Positivo
Inspirado,Positivo
fascinante,Positivo
euforia,Positivo
cativante,Positivo
well,Positivo
radiante,Positivo
invencibilidade,Positivo
fervor,Positivo
apelar,Positivo
autorizar,Positivo
sinceridade,Positivo
silencioso,Positivo
vantajoso,Positivo
honesta,Positivo
tolerante,Positivo
exceder,Positivo
cooperativo,Positivo
áurea,Positivo
reconciliar,Positivo
prudência,Positivo
benéfico,Positivo
adorado,Positivo
modern,Positivo
reverência,Positivo
prestigioso,Positivo
motivados,Positivo
gozar,Positivo
consistentemente,Positivo
revival,Positivo
invencível,Positivo
trompetista,Positivo
lisas,Positivo
animar,Positivo
sublime,Positivo
otimismo,Positivo
licor,Positivo
maravilha,Positivo
empatia,Positivo
prosperar,Positivo
intriga,Positivo
precise,Positivo
elástico,Positivo
feat,Positivo
personalizado,Positivo
serenidade,Positivo
fundamentado,Positivo
festivo,Positivo
decente,Positivo
granizo,Positivo
topos,Positivo
entusiasmado,Positivo
generosa,Positivo
perseverança,Positivo
amável,Positivo
convenientemente,Positivo
consumado,Positivo
instruído,Positivo
farto,Positivo
sincera,Positivo
facilitado,Positivo
ávido,Positivo
incontestável,Positivo
fiança,Positivo
profusão,Positivo
grand,Positivo
confidente,Positivo
aprecia,Positivo
florescer,Positivo
impressiona,Positivo
genuíno,Positivo
construtivo,Positivo
entreter,Positivo
inestimável,Positivo
personalizar,Positivo
majestade,Positivo
soft,Positivo
materialista,Positivo
êxtase,Positivo
hot,Positivo
florescente,Positivo
adivinhar,Positivo
restituição,Positivo
inoxidável,Positivo
great,Positivo
vigilante,Positivo
vencimento,Positivo
óptimo,Positivo
pelúcia,Positivo
inflamável,Positivo
revitalizar,Positivo
refino,Positivo
modéstia,Positivo
aurora,Positivo
remissão,Positivo
patriota,Positivo
iluminar,Positivo
áureo,Positivo
purificar,Positivo
ânsia,Positivo
eficientemente,Positivo
trunfo,Positivo
brisa,Positivo
encantada,Positivo
diligência,Positivo
tops,Positivo
satisfatoriamente,Positivo
patriótico,Positivo
irresistível,Positivo
intuitivo,Positivo
comodidade,Positivo
oportuno,Positivo
honroso,Positivo
bonus,Positivo
alavancar,Positivo
adorar,Positivo
available,Positivo
tranqüilidade,Positivo
gozo,Positivo
deslumbrante,Positivo
recomendar,Positivo
incomparável,Positivo
delicadeza,Positivo
polido,Positivo
majestoso,Positivo
harmonizar,Positivo
triunfante,Positivo
indubitavelmente,Positivo
enérgico,Positivo
stable,Positivo
aceso,Positivo
visionário,Positivo
pitoresco,Positivo
excitado,Positivo
sanar,Positivo
dócil,Positivo
premier,Positivo
motivar,Positivo
inquestionável,Positivo
inspiradora,Positivo
inigualável,Positivo
benfeitor,Positivo
arrojado,Positivo
revive,Positivo
soberba,Positivo
sedutor,Positivo
prometer,Positivo
doçura,Positivo
claridade,Positivo
atestar,Positivo
pros,Positivo
invejável,Positivo
confiando,Positivo
rosado,Positivo
retificação,Positivo
milagrosamente,Positivo
sensacional,Positivo
reafirmar,Positivo
inteligível,Positivo
greatest,Positivo
finamente,Positivo
solidez,Positivo
eloquência,Positivo
support,Positivo
magistral,Positivo
lead,Positivo
efervescência,Positivo
consolo,Positivo
eternos,Positivo
sucinto,Positivo
exuberância,Positivo
carinhoso,Positivo
better,Positivo
benevolente,Positivo
alegremente,Positivo
brincalhão,Positivo
habilmente,Positivo
cortês,Positivo
galã,Positivo
ardor,Positivo
brilhantemente,Positivo
comovente,Positivo
reestruturar,Positivo
apuradas,Positivo
ventilador,Positivo
benevolência,Positivo
aprimorada,Positivo
surreal,Positivo
fascinação,Positivo
agradecido,Positivo
eternas,Positivo
estábulo,Positivo
adaptativo,Positivo
trombeta,Positivo
ponderar,Positivo
charmoso,Positivo
fabuloso,Positivo
civilidade,Positivo
equidade,Positivo
almofada,Positivo
calouro,Positivo
redimir,Positivo
estranhar,Positivo
beneficiário,Positivo
sã,Positivo
gold,Positivo
infalível,Positivo
descontraído,Positivo
tenacidade,Positivo
satisfazendo,Positivo
elogiar,Positivo
adorável,Positivo
sereno,Positivo
sensato,Positivo
romanticamente,Positivo
harmonioso,Positivo
saudar,Positivo
fenomenal,Positivo
disparate,Positivo
survival,Positivo
requinte,Positivo
revolucionar,Positivo
pêssego,Positivo
works,Positivo
utilizável,Positivo
legível,Positivo
idealmente,Positivo
audível,Positivo
encorajamento,Positivo
amadurecer,Positivo
destemido,Positivo
legitimamente,Positivo
triunfar,Positivo
remediar,Positivo
reestruturado,Positivo
durável,Positivo
afirmativo,Positivo
empolgante,Positivo
desenvoltura,Positivo
delicioso,Positivo
predileto,Positivo
retrátil,Positivo
engenhoso,Positivo
nutrir,Positivo
inclinar,Positivo
destro,Positivo
confortavelmente,Positivo
apoiador,Positivo
admissível,Positivo
panorâmico,Positivo
eloquente,Positivo
sorrir,Positivo
louvável,Positivo
coeso,Positivo
privilegiar,Positivo
important,Positivo
perspicácia,Positivo
irreal,Positivo
esforçando,Positivo
alvorecer,Positivo
simplifica,Positivo
receptivo,Positivo
encantador,Positivo
altruísta,Positivo
tenaz,Positivo
sutilmente,Positivo
seduzido,Positivo
cumprimentar,Positivo
classic,Positivo
adaptável,Positivo
perspicaz,Positivo
indulgência,Positivo
alvorada,Positivo
strong,Positivo
infalibilidade,Positivo
enrolar,Positivo
refinar,Positivo
recompensar,Positivo
inequivocamente,Positivo
destinar,Positivo
requintado,Positivo
fraternal,Positivo
entusiasticamente,Positivo
mestria,Positivo
generosamente,Positivo
tremendamente,Positivo
tender,Positivo
louvar,Positivo
tranqüilo,Positivo
magnificência,Positivo
irrestrito,Positivo
gratificação,Positivo
vivamente,Positivo
gracioso,Positivo
espantoso,Positivo
lustre,Positivo
invulnerável,Positivo
deleite,Positivo
cool,Positivo
calorosamente,Positivo
sagacidade,Positivo
merecimento,Positivo
masters,Positivo
brilhando,Positivo
won,Positivo
calada,Positivo
subsidiar,Positivo
afiado,Positivo
sociável,Positivo
meticulosamente,Positivo
entusiasmada,Positivo
clear,Positivo
adocicado,Positivo
aderente,Positivo
vivaz,Positivo
ready,Positivo
progressive,Positivo
lúcido,Positivo
louvando,Positivo
empolgado,Positivo
eminência,Positivo
award,Positivo
apreciando,Positivo
refrescar,Positivo
espaçoso,Positivo
jovial,Positivo
emotivo,Positivo
conciso,Positivo
incisivo,Positivo
honrando,Positivo
embelezar,Positivo
fun,Positivo
ajustável,Positivo
chique,Positivo
aspirar,Positivo
retumbante,Positivo
ordenança,Positivo
endosso,Positivo
easy,Positivo
consumar,Positivo
simplificando,Positivo
wins,Positivo
sorridente,Positivo
win,Positivo
sabiamente,Positivo
refrescante,Positivo
fabulosa,Positivo
encantar,Positivo
destacável,Positivo
soberbo,Positivo
complementadas,Positivo
avidamente,Positivo
amigavelmente,Positivo
afável,Positivo
respeitoso,Positivo
peace,Positivo
milagroso,Positivo
isqueiro,Positivo
excitar,Positivo
arrumado,Positivo
sadia,Positivo
saboroso,Positivo
corajosamente,Positivo
advogou,Positivo
pináculo,Positivo
ovação,Positivo
suntuoso,Positivo
despistar,Positivo
saborear,Positivo
pontiagudo,Positivo
gratificante,Positivo
conciliador,Positivo
awards,Positivo
apaixonadamente,Positivo
meticuloso,Positivo
cênico,Positivo
intelligent,Positivo
despreocupado,Positivo
barganha,Positivo
suavizar,Positivo
revolucionaram,Positivo
pacientemente,Positivo
decência,Positivo
correct,Positivo
consolar,Positivo
centelha,Positivo
harmoniosamente,Positivo
excedido,Positivo
contribution,Positivo
compreensivo,Positivo
reafirmação,Positivo
penhor,Positivo
led,Positivo
fanfarra,Positivo
divinamente,Positivo
aquecedor,Positivo
angelical,Positivo
talent,Positivo
parabenizar,Positivo
heroicamente,Positivo
happy,Positivo
fine,Positivo
esclarecedor,Positivo
maravilhosamente,Positivo
fofo,Positivo
desejoso,Positivo
chamativo,Positivo
intrincado,Positivo
golden,Positivo
glorificar,Positivo
silenciar,Positivo
honor,Positivo
endividado,Positivo
diligente,Positivo
sobressair,Positivo
sina,Positivo
pródigo,Positivo
arrefecer,Positivo
smart,Positivo
maravilhado,Positivo
hero,Positivo
elegantemente,Positivo
esquentar,Positivo
encostar,Positivo
afecção,Positivo
verossímil,Positivo
imaginativo,Positivo
contentamento,Positivo
sacou,Positivo
crível,Positivo
cortejar,Positivo
aprontar,Positivo
venerar,Positivo
magnificamente,Positivo
magic,Positivo
insinuar,Positivo
hospitaleiro,Positivo
sorrisos,Positivo
resseguro,Positivo
portável,Positivo
frutífero,Positivo
zênite,Positivo
beauty,Positivo
sobrepujar,Positivo
prompt,Positivo
limpador,Positivo
evocativo,Positivo
esmero,Positivo
ardentemente,Positivo
aconchegante,Positivo
inventivo,Positivo
hilário,Positivo
ecstasy,Positivo
luxuriante,Positivo
enough,Positivo
endossar,Positivo
deferência,Positivo
abrandar,Positivo
appeal,Positivo
trust,Positivo
tolerável,Positivo
insubstituível,Positivo
espumante,Positivo
espirituoso,Positivo
clamar,Positivo
assombro,Positivo
acalmá,Positivo
quietude,Positivo
positive,Positivo
graciosamente,Positivo
compactar,Positivo
meticulosa,Positivo
indolor,Positivo
beautiful,Positivo
acurado,Positivo
alegrar,Positivo
progress,Positivo
individualizado,Positivo
champion,Positivo
abençoar,Positivo
success,Positivo
regozijo,Positivo
prodigioso,Positivo
expansivo,Positivo
excitada,Positivo
clean,Positivo
arrebatamento,Positivo
afetuoso,Positivo
skill,Positivo
obsessões,Positivo
gostosa,Positivo
fortuito,Positivo
spiritual,Positivo
poderosamente,Positivo
nice,Positivo
faith,Positivo
bonitinho,Positivo
aplaudir,Positivo
aliviando,Positivo
wonder,Positivo
prosperando,Positivo
intelligence,Positivo
inequívoco,Positivo
acérrimo,Positivo
respeitosamente,Positivo
compact,Positivo
advanced,Positivo
aclamar,Positivo
speedy,Positivo
esbelto,Positivo
safe,Positivo
leading,Positivo
desfrutado,Positivo
clarear,Positivo
misericordioso,Positivo
estonteante,Positivo
atencioso,Positivo
santificado,Positivo
discussão,Negativo
morte,Negativo
terra,Negativo
sede,Negativo
longo,Negativo
excentricidade,Negativo
estilo,Negativo
total,Negativo
mar,Negativo
aproximadamente,Negativo
criado,Negativo
usado,Negativo
problemas,Negativo
comum,Negativo
luta,Negativo
diagrama,Negativo
resultado,Negativo
alta,Negativo
divisão,Negativo
objetivo,Negativo
especialmente,Negativo
responsável,Negativo
bloqueio,Negativo
alto,Negativo
pequeno,Negativo
problema,Negativo
vice,Negativo
dado,Negativo
morreu,Negativo
ataque,Negativo
banco,Negativo
eliminação,Negativo
atenção,Negativo
disputa,Negativo
crítica,Negativo
perda,Negativo
literatura,Negativo
conflito,Negativo
completamente,Negativo
doença,Negativo
particular,Negativo
perdeu,Negativo
objeto,Negativo
evitar,Negativo
velho,Negativo
morto,Negativo
ataques,Negativo
prisão,Negativo
queda,Negativo
porto,Negativo
possibilidade,Negativo
acidente,Negativo
enorme,Negativo
inferior,Negativo
resistência,Negativo
condição,Negativo
sofreu,Negativo
exterior,Negativo
oposição,Negativo
crise,Negativo
ficção,Negativo
complexo,Negativo
críticas,Negativo
questões,Negativo
fusão,Negativo
mortos,Negativo
corrida,Negativo
risco,Negativo
retorno,Negativo
invasão,Negativo
golpe,Negativo
carga,Negativo
erro,Negativo
exploração,Negativo
eliminar,Negativo
dificuldades,Negativo
inimigos,Negativo
crime,Negativo
inimigo,Negativo
sítio,Negativo
limites,Negativo
perder,Negativo
matar,Negativo
diâmetro,Negativo
conflitos,Negativo
escravos,Negativo
infantil,Negativo
críticos,Negativo
mata,Negativo
parada,Negativo
tempestade,Negativo
punk,Negativo
destruição,Negativo
pena,Negativo
notoriedade,Negativo
erros,Negativo
âmbito,Negativo
responsabilidade,Negativo
dúvida,Negativo
lutar,Negativo
levado,Negativo
fluxo,Negativo
enredo,Negativo
cadeia,Negativo
posterior,Negativo
desejo,Negativo
audiência,Negativo
xadrez,Negativo
assassinato,Negativo
ausência,Negativo
caiu,Negativo
esforço,Negativo
propaganda,Negativo
medo,Negativo
reserva,Negativo
ameaça,Negativo
revolta,Negativo
crítico,Negativo
disputado,Negativo
causou,Negativo
rival,Negativo
dificuldade,Negativo
danos,Negativo
atacante,Negativo
enfrentar,Negativo
câncer,Negativo
grave,Negativo
depressão,Negativo
destruir,Negativo
tarefa,Negativo
morrer,Negativo
perdido,Negativo
atacar,Negativo
fugir,Negativo
vírus,Negativo
impedir,Negativo
disputar,Negativo
crimes,Negativo
término,Negativo
terminar,Negativo
debate,Negativo
tensão,Negativo
terror,Negativo
adversário,Negativo
morre,Negativo
pior,Negativo
argumento,Negativo
restos,Negativo
espada,Negativo
parar,Negativo
extinto,Negativo
aviso,Negativo
matriz,Negativo
dor,Negativo
ruínas,Negativo
sofre,Negativo
perde,Negativo
dúvidas,Negativo
errado,Negativo
impossível,Negativo
fabricação,Negativo
pobres,Negativo
limitado,Negativo
tirar,Negativo
sintomas,Negativo
assassinado,Negativo
trama,Negativo
escapar,Negativo
reduzir,Negativo
apagar,Negativo
entrega,Negativo
confusão,Negativo
má,Negativo
perigo,Negativo
confronto,Negativo
seca,Negativo
distante,Negativo
abandonar,Negativo
quebra,Negativo
sofrer,Negativo
explosão,Negativo
fuga,Negativo
condenado,Negativo
cair,Negativo
preocupação,Negativo
concessão,Negativo
exílio,Negativo
vilão,Negativo
pobre,Negativo
gráfico,Negativo
estrangeiro,Negativo
perseguição,Negativo
bomba,Negativo
marcar,Negativo
deserto,Negativo
discutir,Negativo
declínio,Negativo
desconhecido,Negativo
atingido,Negativo
desafio,Negativo
cerco,Negativo
lesão,Negativo
lixo,Negativo
privado,Negativo
acusações,Negativo
disputas,Negativo
mau,Negativo
largo,Negativo
falha,Negativo
parecer,Negativo
moedas,Negativo
perceber,Negativo
emissão,Negativo
aéreo,Negativo
pesado,Negativo
trio,Negativo
intenso,Negativo
pobreza,Negativo
rivalidade,Negativo
abandonado,Negativo
artificial,Negativo
suicídio,Negativo
estranho,Negativo
desconhecida,Negativo
fome,Negativo
vestígios,Negativo
oponente,Negativo
recusa,Negativo
cheio,Negativo
corrupção,Negativo
fracasso,Negativo
vencido,Negativo
postura,Negativo
escuro,Negativo
curva,Negativo
vingança,Negativo
gravidade,Negativo
experimental,Negativo
regresso,Negativo
oposto,Negativo
emergência,Negativo
sugestão,Negativo
hard,Negativo
protestos,Negativo
colapso,Negativo
raro,Negativo
abuso,Negativo
precipitação,Negativo
acidentes,Negativo
explorar,Negativo
excesso,Negativo
portos,Negativo
ofensiva,Negativo
controvérsia,Negativo
radical,Negativo
fictício,Negativo
assalto,Negativo
choque,Negativo
estreito,Negativo
capturar,Negativo
fraco,Negativo
assassino,Negativo
compreender,Negativo
doente,Negativo
nervoso,Negativo
subir,Negativo
infecção,Negativo
mito,Negativo
censura,Negativo
invenção,Negativo
mora,Negativo
primitiva,Negativo
tanque,Negativo
repressão,Negativo
falecer,Negativo
falhas,Negativo
culpa,Negativo
monstro,Negativo
comer,Negativo
lentamente,Negativo
protesto,Negativo
ilegal,Negativo
tanques,Negativo
secreto,Negativo
perdas,Negativo
lutando,Negativo
separar,Negativo
negativo,Negativo
dragão,Negativo
acusação,Negativo
abrigar,Negativo
dívida,Negativo
proibido,Negativo
dano,Negativo
vestido,Negativo
falso,Negativo
tragédia,Negativo
síndrome,Negativo
dividir,Negativo
riscos,Negativo
impede,Negativo
rumores,Negativo
buraco,Negativo
abandono,Negativo
febre,Negativo
decadência,Negativo
ameaças,Negativo
foge,Negativo
incapaz,Negativo
ódio,Negativo
isolamento,Negativo
bater,Negativo
Punk,Negativo
caverna,Negativo
ruim,Negativo
interessado,Negativo
sofrendo,Negativo
senhora,Negativo
pau,Negativo
roubar,Negativo
lento,Negativo
traição,Negativo
dom,Negativo
dissolução,Negativo
selvagem,Negativo
death,Negativo
vazio,Negativo
suspeita,Negativo
mistério,Negativo
deficiência,Negativo
escravidão,Negativo
passe,Negativo
conspiração,Negativo
quebrar,Negativo
escândalo,Negativo
acaso,Negativo
violação,Negativo
triste,Negativo
reverter,Negativo
notório,Negativo
sofrimento,Negativo
apelo,Negativo
terrível,Negativo
caro,Negativo
misterioso,Negativo
renúncia,Negativo
vilões,Negativo
vingar,Negativo
escravo,Negativo
obrigação,Negativo
grade,Negativo
imóvel,Negativo
prisioneiro,Negativo
infelizmente,Negativo
desastre,Negativo
demônio,Negativo
massacre,Negativo
greve,Negativo
pó,Negativo
bloqueios,Negativo
raiva,Negativo
cortar,Negativo
exclusão,Negativo
afastar,Negativo
limitações,Negativo
desculpas,Negativo
primitivo,Negativo
anarquista,Negativo
violento,Negativo
manipulação,Negativo
impor,Negativo
thrash,Negativo
incomum,Negativo
FALSE,Negativo
conservador,Negativo
erupção,Negativo
dívidas,Negativo
confundir,Negativo
instabilidade,Negativo
perigoso,Negativo
virar,Negativo
aborto,Negativo
caos,Negativo
envio,Negativo
droga,Negativo
mortal,Negativo
ruptura,Negativo
montar,Negativo
interferência,Negativo
empreendimento,Negativo
selvagens,Negativo
confundido,Negativo
pecado,Negativo
úmido,Negativo
banha,Negativo
negativos,Negativo
irrelevante,Negativo
derrubar,Negativo
porco,Negativo
absurdo,Negativo
atraso,Negativo
isolado,Negativo
manchas,Negativo
introduzir,Negativo
passeio,Negativo
invadir,Negativo
rebaixamento,Negativo
preconceito,Negativo
preocupações,Negativo
diminuindo,Negativo
ditador,Negativo
batida,Negativo
dores,Negativo
subordinado,Negativo
gripe,Negativo
cavidade,Negativo
degradação,Negativo
submetido,Negativo
peculiar,Negativo
repetição,Negativo
inferno,Negativo
poeira,Negativo
tortura,Negativo
fraude,Negativo
cunho,Negativo
criminoso,Negativo
gravemente,Negativo
escassez,Negativo
erosão,Negativo
desvio,Negativo
misteriosa,Negativo
gordura,Negativo
discriminação,Negativo
rebelde,Negativo
impróprio,Negativo
nuvem,Negativo
morrendo,Negativo
deter,Negativo
batendo,Negativo
infecções,Negativo
rotina,Negativo
roubo,Negativo
superficial,Negativo
transtorno,Negativo
paródia,Negativo
drenagem,Negativo
preocupado,Negativo
restrição,Negativo
abusos,Negativo
interrupção,Negativo
influenciar,Negativo
grosso,Negativo
anunciar,Negativo
quedas,Negativo
estritamente,Negativo
suspeitas,Negativo
vaidade,Negativo
quebrado,Negativo
cruel,Negativo
complicado,Negativo
exilado,Negativo
veneno,Negativo
bruto,Negativo
simulação,Negativo
prender,Negativo
inconsciente,Negativo
despeito,Negativo
defensiva,Negativo
colisão,Negativo
mudo,Negativo
denúncias,Negativo
rígido,Negativo
culpado,Negativo
emitir,Negativo
prejuízo,Negativo
suspeito,Negativo
condenação,Negativo
atingida,Negativo
admitiu,Negativo
fatal,Negativo
ilusão,Negativo
epidemia,Negativo
oferecida,Negativo
imaginário,Negativo
desistir,Negativo
Diabo,Negativo
detrimento,Negativo
agressão,Negativo
reservado,Negativo
fundir,Negativo
insultos,Negativo
saco,Negativo
violentos,Negativo
tumor,Negativo
temperamento,Negativo
cheiro,Negativo
bandidos,Negativo
fiscalização,Negativo
engano,Negativo
convencido,Negativo
agressivo,Negativo
manipular,Negativo
rejeição,Negativo
decomposição,Negativo
atirar,Negativo
fugindo,Negativo
parado,Negativo
diamante,Negativo
desespero,Negativo
caído,Negativo
carece,Negativo
die,Negativo
avisar,Negativo
perturbação,Negativo
faca,Negativo
inútil,Negativo
cego,Negativo
defeitos,Negativo
perseguir,Negativo
erroneamente,Negativo
pânico,Negativo
nega,Negativo
error,Negativo
controverso,Negativo
frágil,Negativo
box,Negativo
alegação,Negativo
insuficiência,Negativo
rejeitado,Negativo
esqueleto,Negativo
dificilmente,Negativo
desculpa,Negativo
tristeza,Negativo
fumaça,Negativo
demora,Negativo
piada,Negativo
denúncia,Negativo
maldição,Negativo
instável,Negativo
ira,Negativo
esquecido,Negativo
severamente,Negativo
drasticamente,Negativo
hegemonia,Negativo
gasto,Negativo
feridas,Negativo
submeter,Negativo
racismo,Negativo
fraqueza,Negativo
platéia,Negativo
tiragem,Negativo
loucura,Negativo
vergonha,Negativo
escuridão,Negativo
louco,Negativo
assassinar,Negativo
vulgar,Negativo
descida,Negativo
defeito,Negativo
concessões,Negativo
romper,Negativo
fascista,Negativo
ruído,Negativo
pleito,Negativo
incapacidade,Negativo
miséria,Negativo
liberar,Negativo
concede,Negativo
terrorismo,Negativo
fragmento,Negativo
negar,Negativo
enfraquecer,Negativo
acertar,Negativo
supressão,Negativo
inevitável,Negativo
fumo,Negativo
ofensivo,Negativo
limitação,Negativo
bruta,Negativo
tardio,Negativo
roubado,Negativo
anarquismo,Negativo
solitário,Negativo
armadilha,Negativo
antagonista,Negativo
palha,Negativo
renunciar,Negativo
solene,Negativo
ironia,Negativo
desconfiança,Negativo
deslocar,Negativo
pulso,Negativo
dente,Negativo
confuso,Negativo
subordinada,Negativo
mentira,Negativo
trágico,Negativo
criticada,Negativo
contaminação,Negativo
invisível,Negativo
homicídio,Negativo
pan,Negativo
iminente,Negativo
negação,Negativo
expulsar,Negativo
vaca,Negativo
atrito,Negativo
negado,Negativo
interessar,Negativo
adjacente,Negativo
rompimento,Negativo
infeliz,Negativo
lama,Negativo
criminal,Negativo
desvantagem,Negativo
salientar,Negativo
ansiedade,Negativo
recusar,Negativo
vício,Negativo
variado,Negativo
escrava,Negativo
complicada,Negativo
limitar,Negativo
desigualdade,Negativo
descontentamento,Negativo
retórica,Negativo
confusões,Negativo
duramente,Negativo
imposição,Negativo
pesar,Negativo
espalhar,Negativo
criticar,Negativo
ladrão,Negativo
fúria,Negativo
vara,Negativo
pênalti,Negativo
diabo,Negativo
ignorar,Negativo
inflamação,Negativo
fabricar,Negativo
prejudicar,Negativo
incerteza,Negativo
favela,Negativo
obstáculo,Negativo
trevas,Negativo
desfazer,Negativo
sinalização,Negativo
confunde,Negativo
clique,Negativo
reclamações,Negativo
crioulo,Negativo
grito,Negativo
queimado,Negativo
defensivo,Negativo
ignorância,Negativo
explosões,Negativo
vago,Negativo
alegações,Negativo
ferida,Negativo
galinha,Negativo
ofensa,Negativo
rouba,Negativo
subordinados,Negativo
insurreição,Negativo
desviar,Negativo
luto,Negativo
rígida,Negativo
mancha,Negativo
acento,Negativo
interferir,Negativo
tubarão,Negativo
galo,Negativo
desordem,Negativo
escape,Negativo
deficiências,Negativo
ruína,Negativo
vulnerável,Negativo
desnecessário,Negativo
arrecadou,Negativo
enganar,Negativo
contradição,Negativo
barulho,Negativo
rejeita,Negativo
processar,Negativo
desrespeito,Negativo
odor,Negativo
insuficiente,Negativo
rigoroso,Negativo
busto,Negativo
acusa,Negativo
hostil,Negativo
improvável,Negativo
marginal,Negativo
surto,Negativo
preocupar,Negativo
inexistente,Negativo
derrubada,Negativo
prostituta,Negativo
estresse,Negativo
deformação,Negativo
dissidentes,Negativo
deficientes,Negativo
obscuro,Negativo
feroz,Negativo
genocídio,Negativo
anular,Negativo
explodir,Negativo
radicalmente,Negativo
violentamente,Negativo
solto,Negativo
assédio,Negativo
maconha,Negativo
tombado,Negativo
pretensão,Negativo
dureza,Negativo
saque,Negativo
naufrágio,Negativo
fascismo,Negativo
erupções,Negativo
pênis,Negativo
interromper,Negativo
excessivamente,Negativo
confissão,Negativo
furioso,Negativo
denso,Negativo
penetrar,Negativo
ruins,Negativo
fezes,Negativo
solidão,Negativo
recuar,Negativo
passivo,Negativo
urgência,Negativo
arrogante,Negativo
partidário,Negativo
solteira,Negativo
laço,Negativo
sombrio,Negativo
porcos,Negativo
hostilidades,Negativo
choro,Negativo
tirano,Negativo
ciúmes,Negativo
impasse,Negativo
heresia,Negativo
banimento,Negativo
imitação,Negativo
limão,Negativo
imitar,Negativo
brutal,Negativo
faltava,Negativo
traseiro,Negativo
distúrbio,Negativo
aptidão,Negativo
praga,Negativo
incerto,Negativo
misturar,Negativo
cômico,Negativo
espessa,Negativo
excluir,Negativo
cansado,Negativo
afundado,Negativo
queimar,Negativo
fantoches,Negativo
chorar,Negativo
vibração,Negativo
receio,Negativo
preconceitos,Negativo
hostilidade,Negativo
anão,Negativo
soco,Negativo
parasita,Negativo
emboscada,Negativo
criminosa,Negativo
confusa,Negativo
prolongado,Negativo
acumular,Negativo
incompleto,Negativo
opressão,Negativo
fenda,Negativo
ameaçar,Negativo
simular,Negativo
trauma,Negativo
punho,Negativo
cancelar,Negativo
palhaço,Negativo
atrasos,Negativo
catástrofe,Negativo
haste,Negativo
odeia,Negativo
bandido,Negativo
recessão,Negativo
urgente,Negativo
explosivo,Negativo
impedimento,Negativo
opor,Negativo
indeterminado,Negativo
inesperado,Negativo
artifício,Negativo
húmido,Negativo
enganado,Negativo
inadequado,Negativo
desgraça,Negativo
mentiras,Negativo
piorar,Negativo
severo,Negativo
bolhas,Negativo
recuo,Negativo
estupro,Negativo
machado,Negativo
agressividade,Negativo
queimada,Negativo
tóxico,Negativo
proibir,Negativo
fratura,Negativo
ímpar,Negativo
deterioração,Negativo
garra,Negativo
arcaico,Negativo
insulto,Negativo
injustiça,Negativo
crueldade,Negativo
maligno,Negativo
acidental,Negativo
deficiente,Negativo
desvantagens,Negativo
prejudicial,Negativo
lacunas,Negativo
pressionar,Negativo
exaustão,Negativo
letal,Negativo
azar,Negativo
desfez,Negativo
passiva,Negativo
males,Negativo
alargamento,Negativo
explode,Negativo
rochoso,Negativo
boicote,Negativo
traidor,Negativo
bicho,Negativo
refém,Negativo
desprezo,Negativo
autoritário,Negativo
estrito,Negativo
molde,Negativo
distorção,Negativo
suicida,Negativo
hemorragia,Negativo
abatido,Negativo
doom,Negativo
péssimo,Negativo
seriedade,Negativo
indevido,Negativo
fraudes,Negativo
burro,Negativo
ferimento,Negativo
desagradável,Negativo
queixa,Negativo
falhar,Negativo
ebulição,Negativo
desafiante,Negativo
rigidez,Negativo
freqüente,Negativo
craque,Negativo
ironicamente,Negativo
martírio,Negativo
frustrado,Negativo
bêbado,Negativo
ilegítimo,Negativo
restringir,Negativo
inibição,Negativo
aleatoriamente,Negativo
acidentado,Negativo
escândalos,Negativo
ridículo,Negativo
fantoche,Negativo
omissão,Negativo
misteriosamente,Negativo
panela,Negativo
cozido,Negativo
anormal,Negativo
tímido,Negativo
incorreto,Negativo
evitado,Negativo
ilícito,Negativo
fumar,Negativo
questionável,Negativo
ilegalmente,Negativo
fundição,Negativo
farsa,Negativo
inesperadamente,Negativo
comprometido,Negativo
stress,Negativo
queixas,Negativo
desequilíbrio,Negativo
retiro,Negativo
desconforto,Negativo
desacordo,Negativo
corrosão,Negativo
assassina,Negativo
rude,Negativo
desintegração,Negativo
racista,Negativo
cru,Negativo
acusar,Negativo
órfão,Negativo
mexer,Negativo
chato,Negativo
traçar,Negativo
ofender,Negativo
atrasado,Negativo
decepção,Negativo
angústia,Negativo
ilusões,Negativo
isolar,Negativo
inventar,Negativo
rejeitar,Negativo
ferir,Negativo
violar,Negativo
horrível,Negativo
zumbi,Negativo
suprimir,Negativo
cólera,Negativo
banca,Negativo
truque,Negativo
tenda,Negativo
recusando,Negativo
anarquia,Negativo
amargo,Negativo
invasor,Negativo
aleatório,Negativo
ruídos,Negativo
contusão,Negativo
contenção,Negativo
ordinário,Negativo
passível,Negativo
indignação,Negativo
destrutivo,Negativo
anomalia,Negativo
frustração,Negativo
sintoma,Negativo
deslocado,Negativo
reter,Negativo
pagão,Negativo
queimaduras,Negativo
intolerância,Negativo
afundamento,Negativo
ofendido,Negativo
medos,Negativo
atrapalhar,Negativo
fadiga,Negativo
saudade,Negativo
fendas,Negativo
problemático,Negativo
prejudicada,Negativo
bolha,Negativo
mania,Negativo
discordar,Negativo
confrontar,Negativo
deitado,Negativo
decadente,Negativo
abrigando,Negativo
perfuração,Negativo
estagnação,Negativo
congelado,Negativo
congelamento,Negativo
vazamento,Negativo
investida,Negativo
feio,Negativo
infectado,Negativo
trava,Negativo
insular,Negativo
riscar,Negativo
picada,Negativo
exagerada,Negativo
ditatorial,Negativo
diverso,Negativo
pesadelo,Negativo
desigual,Negativo
brutalmente,Negativo
ciúme,Negativo
tumulto,Negativo
inevitavelmente,Negativo
arbitrária,Negativo
apreensão,Negativo
mercenário,Negativo
exigente,Negativo
corrupto,Negativo
arrependimento,Negativo
pressa,Negativo
devastação,Negativo
preguiça,Negativo
dilema,Negativo
alienação,Negativo
inválido,Negativo
parcialidade,Negativo
interrupções,Negativo
desgosto,Negativo
abismo,Negativo
irritação,Negativo
indiferença,Negativo
exagero,Negativo
atrocidades,Negativo
alarme,Negativo
virado,Negativo
obstrução,Negativo
polarização,Negativo
interfere,Negativo
break,Negativo
alheio,Negativo
gritar,Negativo
conceber,Negativo
reclama,Negativo
prematuramente,Negativo
equívoco,Negativo
bastardo,Negativo
sacrificar,Negativo
insegurança,Negativo
advertência,Negativo
injustamente,Negativo
excedente,Negativo
suja,Negativo
nitidamente,Negativo
declive,Negativo
sujo,Negativo
aversão,Negativo
tirania,Negativo
periférico,Negativo
incorretamente,Negativo
reclamação,Negativo
provocação,Negativo
incompatível,Negativo
falsificação,Negativo
mortalmente,Negativo
idiota,Negativo
faltar,Negativo
desesperadamente,Negativo
maldade,Negativo
dificultar,Negativo
desesperado,Negativo
torturas,Negativo
tabu,Negativo
escasso,Negativo
humilhação,Negativo
fracassado,Negativo
dissidência,Negativo
afundar,Negativo
difamação,Negativo
depressões,Negativo
viciado,Negativo
surdo,Negativo
obsoleto,Negativo
inativo,Negativo
degeneração,Negativo
furos,Negativo
reprimir,Negativo
implacável,Negativo
sermão,Negativo
esqueletos,Negativo
reviravolta,Negativo
popa,Negativo
lutado,Negativo
empurrar,Negativo
condenar,Negativo
cesta,Negativo
provocações,Negativo
impopular,Negativo
dark,Negativo
forjado,Negativo
regressão,Negativo
brigar,Negativo
excêntrico,Negativo
irracional,Negativo
desencadear,Negativo
bélico,Negativo
indefinido,Negativo
duvidoso,Negativo
negligência,Negativo
bombardeamento,Negativo
egoísta,Negativo
demorar,Negativo
confundidos,Negativo
angariar,Negativo
estático,Negativo
relutante,Negativo
desfiladeiro,Negativo
confessar,Negativo
arrogância,Negativo
infração,Negativo
gordo,Negativo
condena,Negativo
pálido,Negativo
indiferente,Negativo
repelir,Negativo
prescrição,Negativo
viés,Negativo
Calvário,Negativo
puppet,Negativo
encaixar,Negativo
exilar,Negativo
pia,Negativo
oscilação,Negativo
desigualdades,Negativo
trivial,Negativo
protestar,Negativo
massacres,Negativo
intermitente,Negativo
estereótipo,Negativo
abruptamente,Negativo
racistas,Negativo
brecha,Negativo
boato,Negativo
sin,Negativo
névoa,Negativo
lamento,Negativo
flagrante,Negativo
discórdia,Negativo
despedido,Negativo
Satanás,Negativo
temer,Negativo
abusivo,Negativo
perturbado,Negativo
suspeitar,Negativo
penalidade,Negativo
meter,Negativo
ultimato,Negativo
insatisfeito,Negativo
fingir,Negativo
desfavorável,Negativo
ceticismo,Negativo
casual,Negativo
extinguir,Negativo
arrasto,Negativo
agarrar,Negativo
sabotagem,Negativo
latente,Negativo
irrita,Negativo
fricção,Negativo
lamentável,Negativo
arriscar,Negativo
volátil,Negativo
lotado,Negativo
matança,Negativo
desobediência,Negativo
confinado,Negativo
destituído,Negativo
desculpe,Negativo
delírio,Negativo
subversão,Negativo
processou,Negativo
implícito,Negativo
dobrado,Negativo
desfeito,Negativo
ambiguidade,Negativo
erradamente,Negativo
desperdício,Negativo
satírico,Negativo
irreversível,Negativo
cicatriz,Negativo
redundante,Negativo
precário,Negativo
grelha,Negativo
esmagar,Negativo
preocupante,Negativo
prole,Negativo
discutível,Negativo
chicote,Negativo
ânus,Negativo
ressentimento,Negativo
melancolia,Negativo
caricatura,Negativo
seiva,Negativo
gueto,Negativo
desprovido,Negativo
tentação,Negativo
evasão,Negativo
dissidente,Negativo
agravamento,Negativo
pica,Negativo
objeções,Negativo
killer,Negativo
injustiças,Negativo
fanático,Negativo
atrapalhado,Negativo
descontinuado,Negativo
covarde,Negativo
arruinado,Negativo
relutância,Negativo
abolir,Negativo
tapa,Negativo
poste,Negativo
mentir,Negativo
danificar,Negativo
salienta,Negativo
irregularidade,Negativo
falácia,Negativo
insignificante,Negativo
estéril,Negativo
devastador,Negativo
paralisação,Negativo
machucado,Negativo
inacabado,Negativo
distração,Negativo
irônico,Negativo
vestígio,Negativo
puppets,Negativo
neblina,Negativo
inconveniente,Negativo
comoção,Negativo
bobo,Negativo
irritante,Negativo
devagar,Negativo
contestar,Negativo
árduo,Negativo
vigoroso,Negativo
impedância,Negativo
discorda,Negativo
turbulento,Negativo
estranhamente,Negativo
chocado,Negativo
bullying,Negativo
bug,Negativo
abóbora,Negativo
arenoso,Negativo
fugitivo,Negativo
obsoleta,Negativo
confissões,Negativo
Satã,Negativo
recuou,Negativo
dilúvio,Negativo
agonia,Negativo
troco,Negativo
desnecessários,Negativo
arbitrário,Negativo
split,Negativo
implicar,Negativo
miss,Negativo
inaceitável,Negativo
distorcida,Negativo
secar,Negativo
alegar,Negativo
íngreme,Negativo
imprevisível,Negativo
envolta,Negativo
abater,Negativo
sangramento,Negativo
perdedor,Negativo
gelado,Negativo
catástrofes,Negativo
abusar,Negativo
perdedores,Negativo
feia,Negativo
brutalidade,Negativo
bagunça,Negativo
rumor,Negativo
improvisado,Negativo
ignorante,Negativo
duvido,Negativo
órfã,Negativo
notoriamente,Negativo
falsidade,Negativo
excêntrica,Negativo
devastado,Negativo
Parreira,Negativo
fanáticos,Negativo
estimulante,Negativo
caótico,Negativo
revés,Negativo
deslocada,Negativo
descontente,Negativo
baço,Negativo
torção,Negativo
sublevação,Negativo
pálida,Negativo
pedágio,Negativo
mentiroso,Negativo
maluco,Negativo
atormentado,Negativo
achatado,Negativo
silvestre,Negativo
esgotado,Negativo
inexperiente,Negativo
declinar,Negativo
cercar,Negativo
assustador,Negativo
inibir,Negativo
efígie,Negativo
contrariar,Negativo
afogamento,Negativo
ingênuo,Negativo
fraquezas,Negativo
dies,Negativo
servidão,Negativo
advertido,Negativo
trick,Negativo
trai,Negativo
obscuridade,Negativo
repúdio,Negativo
malvado,Negativo
furto,Negativo
olfato,Negativo
obsessivo,Negativo
deletar,Negativo
abatidos,Negativo
miserável,Negativo
despedir,Negativo
bustos,Negativo
trair,Negativo
tenso,Negativo
irresponsável,Negativo
hipocrisia,Negativo
desinteresse,Negativo
contaminado,Negativo
bizarro,Negativo
rejeitando,Negativo
duvidar,Negativo
antipatia,Negativo
suborno,Negativo
infusão,Negativo
contraditório,Negativo
preguiçoso,Negativo
implicação,Negativo
sangrento,Negativo
inferioridade,Negativo
ilegalidade,Negativo
arrastado,Negativo
trilho,Negativo
errar,Negativo
redundância,Negativo
insultar,Negativo
incompetência,Negativo
complicação,Negativo
atrasar,Negativo
picadas,Negativo
inchaço,Negativo
vômitos,Negativo
medíocre,Negativo
inundados,Negativo
infame,Negativo
distrair,Negativo
crack,Negativo
grosseiro,Negativo
submerso,Negativo
pilhagem,Negativo
fobia,Negativo
agressor,Negativo
remorso,Negativo
protestou,Negativo
desconfortável,Negativo
decepcionante,Negativo
veementemente,Negativo
cave,Negativo
cadela,Negativo
torcer,Negativo
bárbaro,Negativo
inimizade,Negativo
exterminar,Negativo
corajosa,Negativo
sinistro,Negativo
assustado,Negativo
bombardear,Negativo
estigma,Negativo
congestionamento,Negativo
cicatrizes,Negativo
usurpador,Negativo
oco,Negativo
intimidar,Negativo
desrespeitar,Negativo
compulsivo,Negativo
indignado,Negativo
incomoda,Negativo
extremistas,Negativo
desastroso,Negativo
misses,Negativo
assustar,Negativo
tributação,Negativo
sugar,Negativo
repetitivo,Negativo
moagem,Negativo
imperialista,Negativo
deserção,Negativo
aberração,Negativo
intimidação,Negativo
infelicidade,Negativo
hum,Negativo
fake,Negativo
ambíguo,Negativo
afronta,Negativo
engolir,Negativo
desilusão,Negativo
cético,Negativo
subjugar,Negativo
contusões,Negativo
banir,Negativo
objeção,Negativo
incompatibilidade,Negativo
despercebido,Negativo
conspirações,Negativo
perturbar,Negativo
inseguro,Negativo
incessante,Negativo
congelar,Negativo
suscetível,Negativo
sujeira,Negativo
rivalizar,Negativo
debilitado,Negativo
chocar,Negativo
rancor,Negativo
presunção,Negativo
incenso,Negativo
insanidade,Negativo
histeria,Negativo
esmagado,Negativo
brega,Negativo
inacessível,Negativo
humilhante,Negativo
bobagem,Negativo
assustadora,Negativo
estábulos,Negativo
susto,Negativo
superstição,Negativo
mulherengo,Negativo
agravar,Negativo
ganância,Negativo
desempregado,Negativo
estragar,Negativo
divergente,Negativo
desordenado,Negativo
constrangimento,Negativo
amaldiçoado,Negativo
vagabundo,Negativo
arrastar,Negativo
ache,Negativo
insustentável,Negativo
escrúpulos,Negativo
cunha,Negativo
avalanche,Negativo
sóbrio,Negativo
ineficaz,Negativo
frito,Negativo
contratorpedeiro,Negativo
assassínio,Negativo
fronteiriço,Negativo
defunto,Negativo
chateado,Negativo
volatilidade,Negativo
pá,Negativo
pessimista,Negativo
imaterial,Negativo
bugs,Negativo
lapso,Negativo
grosseira,Negativo
congelada,Negativo
falsamente,Negativo
diarréia,Negativo
desativar,Negativo
colidir,Negativo
cansada,Negativo
melancólico,Negativo
fatalmente,Negativo
inconstitucional,Negativo
despejo,Negativo
resfriado,Negativo
machucar,Negativo
fardo,Negativo
egoísmo,Negativo
deprimido,Negativo
cavar,Negativo
besteira,Negativo
raso,Negativo
insano,Negativo
falido,Negativo
estúpido,Negativo
errante,Negativo
débil,Negativo
demolir,Negativo
erradicar,Negativo
mendigo,Negativo
capitular,Negativo
fissuras,Negativo
infiel,Negativo
desconfiar,Negativo
vômito,Negativo
lamentou,Negativo
imoral,Negativo
sacrificado,Negativo
porcaria,Negativo
isca,Negativo
incômodo,Negativo
dead,Negativo
perfurar,Negativo
fútil,Negativo
escavar,Negativo
fanatismo,Negativo
descontinuidade,Negativo
aprisionamento,Negativo
agravante,Negativo
sufocar,Negativo
sarcástico,Negativo
matador,Negativo
jam,Negativo
incomodar,Negativo
aniquilação,Negativo
perverso,Negativo
ninhada,Negativo
ineficiente,Negativo
incompreensível,Negativo
flagelo,Negativo
transgressão,Negativo
refutar,Negativo
contundente,Negativo
alergia,Negativo
virus,Negativo
problem,Negativo
pessimismo,Negativo
cúmplices,Negativo
retardar,Negativo
posar,Negativo
lodo,Negativo
aprisionar,Negativo
relutantemente,Negativo
enfurecido,Negativo
desprezível,Negativo
descrédito,Negativo
desafeto,Negativo
venenoso,Negativo
repelido,Negativo
relaxar,Negativo
insuportável,Negativo
incompetente,Negativo
enfraquecendo,Negativo
enfermo,Negativo
apocalipse,Negativo
áspero,Negativo
infectar,Negativo
imperfeições,Negativo
involuntariamente,Negativo
inconsistências,Negativo
denegrir,Negativo
temível,Negativo
estupidez,Negativo
complô,Negativo
calamidade,Negativo
nádegas,Negativo
frustrante,Negativo
equivocado,Negativo
deteriorar,Negativo
chocante,Negativo
irritada,Negativo
inapropriado,Negativo
fiasco,Negativo
extorsão,Negativo
crônico,Negativo
profano,Negativo
equívocos,Negativo
odiar,Negativo
cínico,Negativo
austero,Negativo
sarcasmo,Negativo
menstruação,Negativo
coerção,Negativo
bad,Negativo
arriscado,Negativo
terrivelmente,Negativo
desiludido,Negativo
issue,Negativo
inflamatório,Negativo
cisto,Negativo
astuto,Negativo
estrangulamento,Negativo
despotismo,Negativo
traumatismo,Negativo
impraticável,Negativo
bruscamente,Negativo
superficialmente,Negativo
saquear,Negativo
rola,Negativo
apocalíptico,Negativo
simplista,Negativo
preventivo,Negativo
fundamentalismo,Negativo
furar,Negativo
desculpar,Negativo
calúnia,Negativo
austera,Negativo
animosidade,Negativo
suíno,Negativo
rasa,Negativo
inexperiência,Negativo
conspirar,Negativo
paranóia,Negativo
lamentar,Negativo
incomodado,Negativo
incessantemente,Negativo
fissura,Negativo
drenado,Negativo
trastes,Negativo
paradoxal,Negativo
omitir,Negativo
inquietação,Negativo
inconsistente,Negativo
frustrações,Negativo
descuido,Negativo
delírios,Negativo
grosseiramente,Negativo
deformado,Negativo
atenuar,Negativo
revogar,Negativo
inexplicável,Negativo
idiotas,Negativo
horda,Negativo
geada,Negativo
arruinar,Negativo
rachaduras,Negativo
minar,Negativo
indesejável,Negativo
chantagem,Negativo
censurar,Negativo
tragicamente,Negativo
paralisada,Negativo
noise,Negativo
mico,Negativo
incoerente,Negativo
desaprovação,Negativo
avesso,Negativo
aniquilar,Negativo
irritar,Negativo
demoníaco,Negativo
oportunista,Negativo
desabamento,Negativo
furor,Negativo
enigmático,Negativo
veemente,Negativo
imperfeito,Negativo
apatia,Negativo
vil,Negativo
pavor,Negativo
desorganizado,Negativo
antagonismo,Negativo
verga,Negativo
sucata,Negativo
maníaco,Negativo
embriagado,Negativo
destruidor,Negativo
desprezado,Negativo
desconfiado,Negativo
desarmar,Negativo
anseio,Negativo
ruivo,Negativo
refutação,Negativo
desnecessariamente,Negativo
assaltar,Negativo
retalho,Negativo
rail,Negativo
merda,Negativo
inflexível,Negativo
desmoronamento,Negativo
desapontamento,Negativo
totalitário,Negativo
latência,Negativo
impotente,Negativo
gângster,Negativo
distorcer,Negativo
tédio,Negativo
monstruoso,Negativo
drag,Negativo
decair,Negativo
danificando,Negativo
abortar,Negativo
viciados,Negativo
ternura,Negativo
oxidado,Negativo
mentiu,Negativo
intransigente,Negativo
rue,Negativo
podre,Negativo
nervosismo,Negativo
inundado,Negativo
castigar,Negativo
rasgado,Negativo
oposições,Negativo
object,Negativo
nocivo,Negativo
chocada,Negativo
amargura,Negativo
static,Negativo
nepotismo,Negativo
desdém,Negativo
traumático,Negativo
prescrito,Negativo
exausto,Negativo
caracteristicamente,Negativo
repulsa,Negativo
impessoal,Negativo
ferver,Negativo
detonar,Negativo
desapontado,Negativo
junco,Negativo
ferrugem,Negativo
expropriação,Negativo
estrago,Negativo
brando,Negativo
alergias,Negativo
abrupto,Negativo
retórico,Negativo
racha,Negativo
portagem,Negativo
paradoxalmente,Negativo
intrusão,Negativo
insensível,Negativo
estratagema,Negativo
drenar,Negativo
beligerantes,Negativo
banal,Negativo
retroceder,Negativo
polémico,Negativo
nonsense,Negativo
ineficiência,Negativo
esgotar,Negativo
bancarrota,Negativo
tocos,Negativo
golpear,Negativo
distraído,Negativo
confiscado,Negativo
cauteloso,Negativo
analfabeto,Negativo
volumoso,Negativo
traindo,Negativo
plebeu,Negativo
manchada,Negativo
infortúnio,Negativo
ferocidade,Negativo
trindade,Negativo
simulado,Negativo
involuntário,Negativo
infligir,Negativo
despojos,Negativo
cancer,Negativo
vicioso,Negativo
sucumbir,Negativo
subverter,Negativo
esquisito,Negativo
desafiador,Negativo
cortante,Negativo
matadouro,Negativo
foragido,Negativo
culpar,Negativo
azedo,Negativo
atrofia,Negativo
sabotar,Negativo
impreciso,Negativo
debandada,Negativo
corrosivo,Negativo
corromper,Negativo
clamor,Negativo
pendurar,Negativo
insultado,Negativo
fragmentado,Negativo
desprezar,Negativo
degradar,Negativo
torturada,Negativo
torto,Negativo
paralisar,Negativo
impunidade,Negativo
enfureceu,Negativo
descrença,Negativo
protestando,Negativo
panelinha,Negativo
impaciente,Negativo
disorder,Negativo
impostor,Negativo
frustrar,Negativo
desajeitado,Negativo
cheira,Negativo
ameaçador,Negativo
vibrar,Negativo
torturar,Negativo
moribundo,Negativo
grotesco,Negativo
attack,Negativo
vaidoso,Negativo
realce,Negativo
infernal,Negativo
chocados,Negativo
alvoroço,Negativo
wild,Negativo
impiedoso,Negativo
imobilizado,Negativo
déspota,Negativo
demónio,Negativo
blasfêmia,Negativo
apressadamente,Negativo
imaturo,Negativo
fraudar,Negativo
fracassar,Negativo
repressivo,Negativo
ranger,Negativo
marionete,Negativo
imprecisão,Negativo
enganando,Negativo
empenhar,Negativo
desintegrou,Negativo
absurdamente,Negativo
Nêmesis,Negativo
queixar,Negativo
indisponível,Negativo
esticar,Negativo
desmoronar,Negativo
degenerado,Negativo
cruelmente,Negativo
unexpected,Negativo
destroyer,Negativo
curvado,Negativo
restringido,Negativo
hipócrita,Negativo
desocupado,Negativo
ciumento,Negativo
tormento,Negativo
suga,Negativo
radicalização,Negativo
maléfico,Negativo
desintegrar,Negativo
infiéis,Negativo
inescrupuloso,Negativo
inconsistência,Negativo
faro,Negativo
extremista,Negativo
cinismo,Negativo
implorando,Negativo
fofoca,Negativo
esmagamento,Negativo
desencorajar,Negativo
cansativo,Negativo
tremer,Negativo
indecisão,Negativo
febres,Negativo
envenenar,Negativo
defeituoso,Negativo
contaminar,Negativo
apressar,Negativo
indiscriminadamente,Negativo
herege,Negativo
deboche,Negativo
boicotar,Negativo
vingativo,Negativo
problems,Negativo
mágoa,Negativo
formigueiro,Negativo
dissonância,Negativo
difamar,Negativo
desterro,Negativo
compulsão,Negativo
sugado,Negativo
queimadura,Negativo
pavimentado,Negativo
envergonhado,Negativo
deteriorando,Negativo
deteriorado,Negativo
crash,Negativo
afogar,Negativo
teimosia,Negativo
rasgar,Negativo
malícia,Negativo
entulho,Negativo
desânimo,Negativo
cilada,Negativo
tombo,Negativo
sujeição,Negativo
ruir,Negativo
perversão,Negativo
maldito,Negativo
escárnio,Negativo
derramar,Negativo
curandeiro,Negativo
clichê,Negativo
calha,Negativo
calabouço,Negativo
mediocridade,Negativo
horrorizado,Negativo
expirar,Negativo
desacreditar,Negativo
syndrome,Negativo
malicioso,Negativo
esfriar,Negativo
tendenciosa,Negativo
sue,Negativo
repartir,Negativo
protuberância,Negativo
inquieto,Negativo
indigno,Negativo
doentio,Negativo
calamidades,Negativo
açougueiro,Negativo
servil,Negativo
lost,Negativo
intrigado,Negativo
enganosa,Negativo
dispendioso,Negativo
critical,Negativo
carnificina,Negativo
adverso,Negativo
suspiro,Negativo
sangrar,Negativo
saca,Negativo
propôr,Negativo
precipitar,Negativo
fanática,Negativo
escandaloso,Negativo
delay,Negativo
mundano,Negativo
indeciso,Negativo
inanição,Negativo
impulsivo,Negativo
desleal,Negativo
alucinação,Negativo
virulência,Negativo
toco,Negativo
ridicularizar,Negativo
nublado,Negativo
fugaz,Negativo
enxerto,Negativo
curvar,Negativo
barulhento,Negativo
ansiosamente,Negativo
penúria,Negativo
palhaçada,Negativo
intruso,Negativo
fall,Negativo
extravagância,Negativo
desonesto,Negativo
bastardos,Negativo
subalterno,Negativo
maldições,Negativo
iludir,Negativo
fatídico,Negativo
desolado,Negativo
descontrolado,Negativo
retardado,Negativo
repreendeu,Negativo
infrator,Negativo
impureza,Negativo
ignore,Negativo
emaranhado,Negativo
conluio,Negativo
alienado,Negativo
excêntricos,Negativo
escravizar,Negativo
desmaiar,Negativo
contradizer,Negativo
burla,Negativo
subjugado,Negativo
monotonia,Negativo
ladra,Negativo
injúria,Negativo
indiscriminado,Negativo
impiedosamente,Negativo
impensável,Negativo
forasteiro,Negativo
trapaça,Negativo
sobrecarregar,Negativo
retrógrado,Negativo
perplexo,Negativo
oblíquo,Negativo
impugnar,Negativo
desfavorecidos,Negativo
agitar,Negativo
riscado,Negativo
killed,Negativo
infestada,Negativo
impetuoso,Negativo
herético,Negativo
hell,Negativo
ganancioso,Negativo
falácias,Negativo
constipação,Negativo
collapse,Negativo
bombear,Negativo
atirada,Negativo
aborrecido,Negativo
senhorita,Negativo
kill,Negativo
invalidar,Negativo
infringir,Negativo
gangster,Negativo
friamente,Negativo
catastrófico,Negativo
arrasar,Negativo
abortado,Negativo
usurpar,Negativo
tristemente,Negativo
subtrair,Negativo
poluir,Negativo
isolação,Negativo
invasivo,Negativo
inelegível,Negativo
ineficácia,Negativo
impuro,Negativo
imprecisões,Negativo
fantasioso,Negativo
dreno,Negativo
discordando,Negativo
deplorável,Negativo
treta,Negativo
expirado,Negativo
diabólico,Negativo
desobedecer,Negativo
vazamentos,Negativo
maléfica,Negativo
inundar,Negativo
imoralidade,Negativo
espinhoso,Negativo
desconsiderar,Negativo
atormentar,Negativo
submisso,Negativo
oprimido,Negativo
humildemente,Negativo
cu,Negativo
agonizante,Negativo
zeloso,Negativo
mutilado,Negativo
infiltrados,Negativo
infestado,Negativo
delirante,Negativo
decepções,Negativo
abusado,Negativo
furado,Negativo
complex,Negativo
apologista,Negativo
amortecedor,Negativo
sitiar,Negativo
repugnante,Negativo
indecente,Negativo
homicida,Negativo
hesitante,Negativo
frenético,Negativo
falho,Negativo
expelir,Negativo
exagerar,Negativo
devassa,Negativo
depreciativo,Negativo
trash,Negativo
hack,Negativo
evadir,Negativo
escória,Negativo
empurrão,Negativo
downhill,Negativo
desonra,Negativo
burlesco,Negativo
autocrático,Negativo
xingar,Negativo
subordinar,Negativo
privar,Negativo
perturbador,Negativo
esnobe,Negativo
din,Negativo
desertar,Negativo
consternação,Negativo
cansar,Negativo
bronca,Negativo
vergonhoso,Negativo
pervertido,Negativo
oscilar,Negativo
obstruir,Negativo
issues,Negativo
inóspito,Negativo
dormente,Negativo
abuse,Negativo
súplicas,Negativo
sudário,Negativo
obsceno,Negativo
inconstante,Negativo
imobilizar,Negativo
gosma,Negativo
gimmick,Negativo
drástico,Negativo
warning,Negativo
traiçoeiro,Negativo
squash,Negativo
moer,Negativo
fraudulento,Negativo
embuste,Negativo
dogmático,Negativo
dissuadir,Negativo
disruptivo,Negativo
birra,Negativo
abominável,Negativo
pinto,Negativo
perdiz,Negativo
magoado,Negativo
estridente,Negativo
esticado,Negativo
espancamento,Negativo
crisis,Negativo
contencioso,Negativo
burrice,Negativo
apressado,Negativo
antiquado,Negativo
vomitar,Negativo
ténue,Negativo
profanação,Negativo
loba,Negativo
inflamado,Negativo
imprudência,Negativo
ilegível,Negativo
estagnado,Negativo
embalar,Negativo
zombar,Negativo
reacionário,Negativo
mentirosa,Negativo
lixeira,Negativo
letargia,Negativo
insinuação,Negativo
devastar,Negativo
tank,Negativo
subjugação,Negativo
soprar,Negativo
revoltar,Negativo
rachadura,Negativo
partisans,Negativo
loucamente,Negativo
furiosamente,Negativo
excêntricas,Negativo
embaraço,Negativo
desgostoso,Negativo
delinquente,Negativo
coceira,Negativo
chocalho,Negativo
beligerante,Negativo
acrobacia,Negativo
risk,Negativo
pitada,Negativo
perecer,Negativo
obeso,Negativo
malucos,Negativo
intimação,Negativo
insensibilidade,Negativo
inadequação,Negativo
graxa,Negativo
distorce,Negativo
demandar,Negativo
combativo,Negativo
zumbido,Negativo
recaída,Negativo
punível,Negativo
periculosidade,Negativo
perdição,Negativo
neurótico,Negativo
insaciável,Negativo
discordaram,Negativo
bunda,Negativo
adversidade,Negativo
pomposo,Negativo
obstinado,Negativo
mórbido,Negativo
mácula,Negativo
macabro,Negativo
inimaginável,Negativo
imprevisto,Negativo
impaciência,Negativo
discriminar,Negativo
diametralmente,Negativo
desanimado,Negativo
refutado,Negativo
raspar,Negativo
desperdiçado,Negativo
desafogar,Negativo
carestia,Negativo
assediado,Negativo
torrente,Negativo
strike,Negativo
refuta,Negativo
querela,Negativo
maldita,Negativo
errático,Negativo
emanações,Negativo
difamatório,Negativo
desconsiderado,Negativo
chantagear,Negativo
vertiginoso,Negativo
retaliar,Negativo
opressores,Negativo
mortífero,Negativo
implorar,Negativo
fervura,Negativo
faminto,Negativo
dissonante,Negativo
confiscar,Negativo
brusco,Negativo
avaria,Negativo
arder,Negativo
supérfluo,Negativo
repudiar,Negativo
piranha,Negativo
patético,Negativo
slow,Negativo
perturba,Negativo
estressante,Negativo
ermo,Negativo
Buggy,Negativo
temeroso,Negativo
ressentido,Negativo
ocioso,Negativo
insuperável,Negativo
falir,Negativo
despejado,Negativo
acusador,Negativo
wrong,Negativo
subversivo,Negativo
sanguinário,Negativo
rotineiro,Negativo
rebaixar,Negativo
lamentavelmente,Negativo
intolerável,Negativo
inexorável,Negativo
incomodando,Negativo
furtar,Negativo
entediado,Negativo
doutrinação,Negativo
desperdiçar,Negativo
deformar,Negativo
rugas,Negativo
queer,Negativo
pilhar,Negativo
perturbando,Negativo
oversight,Negativo
instigar,Negativo
imbecil,Negativo
estereotipada,Negativo
encalhado,Negativo
empobrecida,Negativo
desumano,Negativo
danoso,Negativo
alarmante,Negativo
abrasivo,Negativo
tempestuoso,Negativo
satirizar,Negativo
saciar,Negativo
ralo,Negativo
indefeso,Negativo
incómodo,Negativo
imperfeição,Negativo
hedonista,Negativo
conflict,Negativo
aterrorizar,Negativo
alçapão,Negativo
tolice,Negativo
restritivo,Negativo
pendurou,Negativo
opressor,Negativo
negligenciadas,Negativo
marra,Negativo
febril,Negativo
escurecer,Negativo
enlouquecer,Negativo
died,Negativo
desabilitar,Negativo
defensive,Negativo
cio,Negativo
cataclismo,Negativo
breaks,Negativo
bomb,Negativo
afrontar,Negativo
aborrecimento,Negativo
tosco,Negativo
recair,Negativo
querelas,Negativo
provação,Negativo
masmorra,Negativo
manipuladora,Negativo
grampo,Negativo
falsificar,Negativo
desolação,Negativo
amargamente,Negativo
pobremente,Negativo
oxidar,Negativo
monótono,Negativo
impropriamente,Negativo
desunião,Negativo
desinteressado,Negativo
desintegra,Negativo
descuidado,Negativo
compulsive,Negativo
carril,Negativo
azarado,Negativo
assediar,Negativo
tout,Negativo
tortuoso,Negativo
tirânico,Negativo
provocante,Negativo
picareta,Negativo
picar,Negativo
marginalmente,Negativo
flertar,Negativo
filete,Negativo
espreita,Negativo
desgastar,Negativo
desclassificados,Negativo
desabar,Negativo
aleijado,Negativo
abusada,Negativo
sujeitar,Negativo
queixando,Negativo
oneroso,Negativo
insultando,Negativo
inflamar,Negativo
frouxo,Negativo
esmagador,Negativo
errôneo,Negativo
badalado,Negativo
traumatizado,Negativo
obscenidade,Negativo
magoar,Negativo
incendiário,Negativo
inadequadamente,Negativo
hoax,Negativo
futilidade,Negativo
facada,Negativo
esboçado,Negativo
enfaticamente,Negativo
blind,Negativo
arranhões,Negativo
ambivalente,Negativo
ulterior,Negativo
irreparável,Negativo
frenesi,Negativo
estuprar,Negativo
desconcertante,Negativo
decepcionar,Negativo
cafetão,Negativo
angustiado,Negativo
víbora,Negativo
sobrecarregado,Negativo
receoso,Negativo
puta,Negativo
petrificada,Negativo
pegajoso,Negativo
injustificada,Negativo
inconcebível,Negativo
guincho,Negativo
despejar,Negativo
degenerar,Negativo
ventosa,Negativo
solteirona,Negativo
ronco,Negativo
renegar,Negativo
raivoso,Negativo
piquetes,Negativo
massacrar,Negativo
geléia,Negativo
dump,Negativo
deslealdade,Negativo
desistências,Negativo
curinga,Negativo
castrado,Negativo
zombaria,Negativo
zomba,Negativo
turva,Negativo
torcido,Negativo
tonto,Negativo
onerosa,Negativo
malévolo,Negativo
intransponível,Negativo
instigador,Negativo
freneticamente,Negativo
extremismo,Negativo
despótico,Negativo
desorientado,Negativo
desmaio,Negativo
congelou,Negativo
cold,Negativo
carpa,Negativo
assobio,Negativo
opressivo,Negativo
machucando,Negativo
desfavor,Negativo
derramando,Negativo
coringa,Negativo
congelação,Negativo
calmaria,Negativo
assombrar,Negativo
vazar,Negativo
torções,Negativo
pain,Negativo
obsessive,Negativo
negligente,Negativo
mortificação,Negativo
mentirosos,Negativo
inquietante,Negativo
falsificado,Negativo
conspirador,Negativo
atroz,Negativo
arruinando,Negativo
tombar,Negativo
rasgo,Negativo
negligenciar,Negativo
loss,Negativo
insignificância,Negativo
inchado,Negativo
flerte,Negativo
dói,Negativo
deturpação,Negativo
contaminando,Negativo
canibal,Negativo
alienar,Negativo
ultraje,Negativo
repreensão,Negativo
nebuloso,Negativo
manchar,Negativo
indisposição,Negativo
fiction,Negativo
exorbitante,Negativo
estrangular,Negativo
dolorosamente,Negativo
diagonalmente,Negativo
desiludidos,Negativo
apologistas,Negativo
valentões,Negativo
torrent,Negativo
threat,Negativo
tease,Negativo
tanks,Negativo
sujar,Negativo
sufocante,Negativo
queixaram,Negativo
lesma,Negativo
fosco,Negativo
extorquir,Negativo
evil,Negativo
ensopado,Negativo
damage,Negativo
adulterado,Negativo
tropeçar,Negativo
roer,Negativo
ridiculariza,Negativo
putrefação,Negativo
proscrito,Negativo
fuck,Negativo
estola,Negativo
envergonhar,Negativo
endurecer,Negativo
delinquência,Negativo
coxo,Negativo
charlatão,Negativo
sorry,Negativo
resignado,Negativo
remorsos,Negativo
rachar,Negativo
punitivo,Negativo
pecar,Negativo
insalubre,Negativo
infâmia,Negativo
implacavelmente,Negativo
hediondo,Negativo
furão,Negativo
funky,Negativo
endurecido,Negativo
distraindo,Negativo
cheirar,Negativo
breaking,Negativo
attacks,Negativo
arcano,Negativo
torturando,Negativo
supersticioso,Negativo
regredir,Negativo
refutando,Negativo
podridão,Negativo
obscurecida,Negativo
ménage,Negativo
limit,Negativo
irracionalidade,Negativo
estragado,Negativo
cassar,Negativo
altivo,Negativo
vague,Negativo
sedentário,Negativo
macular,Negativo
ingénuo,Negativo
inexoravelmente,Negativo
gagueira,Negativo
esporádico,Negativo
crasso,Negativo
colidindo,Negativo
cloud,Negativo
travesso,Negativo
temerário,Negativo
shock,Negativo
selvageria,Negativo
mortalha,Negativo
lunático,Negativo
infértil,Negativo
indistinguível,Negativo
estalo,Negativo
enganoso,Negativo
descontroladamente,Negativo
arranhão,Negativo
undefined,Negativo
subestimar,Negativo
rudeza,Negativo
reticente,Negativo
libertinagem,Negativo
gorduroso,Negativo
fumble,Negativo
dire,Negativo
desrespeitoso,Negativo
carbúnculo,Negativo
zombando,Negativo
sacudir,Negativo
promíscuo,Negativo
pedante,Negativo
paranoia,Negativo
necessitado,Negativo
lag,Negativo
indisciplinado,Negativo
ilusório,Negativo
granulado,Negativo
esfaquear,Negativo
dungeons,Negativo
desordenadamente,Negativo
apático,Negativo
subserviente,Negativo
ruidoso,Negativo
regressivo,Negativo
pressentimento,Negativo
nefasto,Negativo
morno,Negativo
menosprezar,Negativo
maçante,Negativo
insuficientemente,Negativo
infundado,Negativo
inflacionário,Negativo
incapacitar,Negativo
heterodoxo,Negativo
fivela,Negativo
emagrecer,Negativo
doer,Negativo
discriminado,Negativo
babaca,Negativo
arrasador,Negativo
repugnância,Negativo
